<?xml version="1.0" encoding="utf-8"?>
<root>
  <doclet-version-NOT-library-version>1.00</doclet-version-NOT-library-version>
  <b4x_version>10.20</b4x_version>
  <dependsOn>byteconverter</dependsOn>
  <dependsOn>javaobject</dependsOn>
  <dependsOn>jcore</dependsOn>
  <dependsOn>jfx</dependsOn>
  <dependsOn>jnetwork</dependsOn>
  <dependsOn>jrandomaccessfile</dependsOn>
  <dependsOn>json</dependsOn>
  <dependsOn>jxui</dependsOn>
  <dependsOn>okhttp</dependsOn>
  <dependsOn>jsql</dependsOn>
  <dependsOn>okhttp-4.9.0</dependsOn>
  <dependsOn>okio-2.8.0</dependsOn>
  <dependsOn>okhttp-urlconnection-4.9.3</dependsOn>
  <dependsOn>kotlin-stdlib-1.6.10</dependsOn>
  <dependsOn>sqlite-jdbc-3.7.2</dependsOn>
  <class>
    <name>b4j.map.openmaps</name>
    <shortname>OpenMaps</shortname>
    <event>Ready</event>
    <event>CameraChange (CamPosition As CameraPosition)</event>
    <event>MouseMove(Point As LatLng)</event>
    <event>Click (Point As LatLng)</event>
    <event>RightClick (Point As LatLng)</event>
    <event>CircleClick (SelectedCircle As MapCircle)</event>
    <event>MarkerClick (SelectedMarker As Marker)</event>
    <event>PolygonClick (SelectedPolygon As MapPolygon)</event>
    <event>PolylineClick (SelectedPolyline As MapPolyline)</event>
    <designerProperty>Key: BooleanExample, DisplayName: Show Seconds, FieldType: Boolean, DefaultValue: True</designerProperty>
    <method>
      <name>IsInitialized</name>
      <comment>Verifica se l'oggetto sia stato inizializzato.</comment>
      <returntype>boolean</returntype>
    </method>
    <method>
      <name DesignerName="AddCircle">_vv1</name>
      <comment>Adds a circle To the map.
Center - Position of the circle center.
Radius - Circle radius.
StrokeWidth - Stroke width.
StrokeColor - Stroke color.
FillColor - Inner color.
Opacity - Inner color opacity. Value between 0 To 1.
</comment>
      <returntype>b4j.map.mapcircle</returntype>
      <parameter>
        <name>ll</name>
        <type>b4j.map.latlng</type>
      </parameter>
      <parameter>
        <name>Radius</name>
        <type>double</type>
      </parameter>
      <parameter>
        <name>StrokeWidth</name>
        <type>float</type>
      </parameter>
      <parameter>
        <name>StrokeColor</name>
        <type>anywheresoftware.b4j.objects.JFX.PaintWrapper</type>
      </parameter>
      <parameter>
        <name>FillColor</name>
        <type>anywheresoftware.b4j.objects.JFX.PaintWrapper</type>
      </parameter>
      <parameter>
        <name>Opacity</name>
        <type>double</type>
      </parameter>
    </method>
    <method>
      <name DesignerName="AddInfoWindow">_vv2</name>
      <comment>Opens an info window with the given HTML content at the specified position.
</comment>
      <returntype>b4j.map.mapinfowindow</returntype>
      <parameter>
        <name>Content</name>
        <type>String</type>
      </parameter>
      <parameter>
        <name>Position</name>
        <type>b4j.map.latlng</type>
      </parameter>
    </method>
    <method>
      <name DesignerName="AddInfoWindow2">_vv3</name>
      <comment>Opens an info window with the given HTML content at the specified position. It cannot be larger than MaxWidth (in pixels).
</comment>
      <returntype>b4j.map.mapinfowindow</returntype>
      <parameter>
        <name>Content</name>
        <type>String</type>
      </parameter>
      <parameter>
        <name>Position</name>
        <type>b4j.map.latlng</type>
      </parameter>
      <parameter>
        <name>MaxWidth</name>
        <type>int</type>
      </parameter>
    </method>
    <method>
      <name DesignerName="AddMarker">_vv4</name>
      <comment> Adds a marker to the map.
</comment>
      <returntype>b4j.map.marker</returntype>
      <parameter>
        <name>Lat</name>
        <type>double</type>
      </parameter>
      <parameter>
        <name>Lng</name>
        <type>double</type>
      </parameter>
      <parameter>
        <name>Title</name>
        <type>String</type>
      </parameter>
    </method>
    <method>
      <name DesignerName="AddMarker2">_vv5</name>
      <comment>Adds a marker To the map with a custom icon.
The IconUri must point To an online image Or an image from the assets folder.
In the later Case the custom icon will only appear in Release mode.
Example:
&lt;code&gt;gmap.AddMarker2(10, 10, "This is a test", _
File.GetUri(File.DirAssets, "SomeIcon.png"))&lt;/code&gt;
</comment>
      <returntype>b4j.map.marker</returntype>
      <parameter>
        <name>Lat</name>
        <type>double</type>
      </parameter>
      <parameter>
        <name>Lng</name>
        <type>double</type>
      </parameter>
      <parameter>
        <name>Title</name>
        <type>String</type>
      </parameter>
      <parameter>
        <name>IconUri</name>
        <type>String</type>
      </parameter>
    </method>
    <method>
      <name DesignerName="AddPolygon">_vv6</name>
      <comment>Adds a polygon To the map.
Points - A list Or Array of LatLng points.
 es.  array(array(41.90, 12.49),array(41.80, 12.50),array(41.85, 12.60))
StrokeWidth - Stroke width.
StrokeColor - Stroke color.
FillColor - Inner color.
Opacity - Inner color opacity. Value between 0 To 1.
</comment>
      <returntype>b4j.map.mappolygon</returntype>
      <parameter>
        <name>Points</name>
        <type>anywheresoftware.b4a.objects.collections.List</type>
      </parameter>
      <parameter>
        <name>StrokeWidth</name>
        <type>float</type>
      </parameter>
      <parameter>
        <name>StrokeColor</name>
        <type>anywheresoftware.b4j.objects.JFX.PaintWrapper</type>
      </parameter>
      <parameter>
        <name>FillColor</name>
        <type>anywheresoftware.b4j.objects.JFX.PaintWrapper</type>
      </parameter>
      <parameter>
        <name>Opacity</name>
        <type>double</type>
      </parameter>
    </method>
    <method>
      <name DesignerName="AddPolyline">_vv7</name>
      <comment>Adds a polyline To the map.
Points - A list Or Array of LatLng points.
Width - Line width.
Color - Line color.
CloseInfoWindow (InfoWindow As InfoWindow)
Closes the specified info window.
</comment>
      <returntype>b4j.map.mappolyline</returntype>
      <parameter>
        <name>Points</name>
        <type>anywheresoftware.b4a.objects.collections.List</type>
      </parameter>
      <parameter>
        <name>StrokeWidth</name>
        <type>float</type>
      </parameter>
      <parameter>
        <name>StrokeColor</name>
        <type>anywheresoftware.b4j.objects.JFX.PaintWrapper</type>
      </parameter>
    </method>
    <method>
      <name DesignerName="AllVisibleMapObjects">_vv0</name>
      <returntype>String</returntype>
    </method>
    <method>
      <name DesignerName="CameraPosition">_vvv1</name>
      <comment>Returns the current camera position.
</comment>
      <returntype>b4j.map.cameraposition</returntype>
    </method>
    <method>
      <name DesignerName="Class_Globals">_class_globals</name>
      <returntype>String</returntype>
    </method>
    <method>
      <name DesignerName="ClearMap">_vvv3</name>
      <returntype>String</returntype>
    </method>
    <method>
      <name DesignerName="DesignerCreateView">_designercreateview</name>
      <comment>Base type must be Object
</comment>
      <returntype>String</returntype>
      <parameter>
        <name>Base</name>
        <type>Object</type>
      </parameter>
      <parameter>
        <name>Lbl</name>
        <type>anywheresoftware.b4j.objects.LabelWrapper</type>
      </parameter>
      <parameter>
        <name>Props</name>
        <type>anywheresoftware.b4a.objects.collections.Map</type>
      </parameter>
    </method>
    <method>
      <name DesignerName="EditConfigure">_vvv7</name>
      <comment> Offset -&gt; Map difference;  Tollerance -&gt; Editing Poly point
</comment>
      <returntype>String</returntype>
      <parameter>
        <name>Offset</name>
        <type>double</type>
      </parameter>
      <parameter>
        <name>Tollerance</name>
        <type>int</type>
      </parameter>
    </method>
    <method>
      <name DesignerName="EditingActive">_vvv0</name>
      <returntype>boolean</returntype>
    </method>
    <method>
      <name DesignerName="EditingCircle">_vvvv1</name>
      <returntype>boolean</returntype>
      <parameter>
        <name>Circle</name>
        <type>b4j.map.mapcircle</type>
      </parameter>
      <parameter>
        <name>Active</name>
        <type>boolean</type>
      </parameter>
    </method>
    <method>
      <name DesignerName="EditingPolygon">_vvvv2</name>
      <comment> If an element is already in editing, it is not possible to edit another at the same time.
 Dim Success As Boolean = OpenMap.EditingPolygon(Polygon,True)
</comment>
      <returntype>boolean</returntype>
      <parameter>
        <name>Polygon</name>
        <type>b4j.map.mappolygon</type>
      </parameter>
      <parameter>
        <name>Active</name>
        <type>boolean</type>
      </parameter>
    </method>
    <method>
      <name DesignerName="EditingPolyline">_vvvv3</name>
      <returntype>boolean</returntype>
      <parameter>
        <name>Polyline</name>
        <type>b4j.map.mappolyline</type>
      </parameter>
      <parameter>
        <name>Active</name>
        <type>boolean</type>
      </parameter>
    </method>
    <method>
      <name DesignerName="filterVisibleMapObjects">_vvvv5</name>
      <comment> Makes only the objects visible inside the visible map (Bounds)
</comment>
      <returntype>String</returntype>
    </method>
    <method>
      <name DesignerName="getMapBound" HideFromIDE="true">_getvvvvvvvvv5</name>
      <comment> Return bound in map format:
 {"northEast":{"lat":45.123,"lon":12.456},"southWest":{"lat":40.987,"lon":10.321}}
 Dim Bound As Map = OMaps.MapBound
</comment>
      <returntype>anywheresoftware.b4a.objects.collections.Map</returntype>
    </method>
    <method>
      <name DesignerName="getNumberOfElements" HideFromIDE="true">_getvvvvvvvvv6</name>
      <comment> Number Of Elements added
</comment>
      <returntype>int</returntype>
    </method>
    <method>
      <name DesignerName="getZoom" HideFromIDE="true">_getvvvvvvvvv7</name>
      <returntype>int</returntype>
    </method>
    <method>
      <name DesignerName="Initialize">_initialize</name>
      <returntype>String</returntype>
      <parameter>
        <name>ba</name>
        <type>anywheresoftware.b4a.BA</type>
      </parameter>
      <parameter>
        <name>Callback</name>
        <type>Object</type>
      </parameter>
      <parameter>
        <name>EventName</name>
        <type>String</type>
      </parameter>
    </method>
    <method>
      <name DesignerName="IsReady">_vvvvv6</name>
      <returntype>boolean</returntype>
    </method>
    <method>
      <name DesignerName="LatLonToXY">_vvvvv7</name>
      <returntype>double[]</returntype>
      <parameter>
        <name>ll</name>
        <type>b4j.map.latlng</type>
      </parameter>
    </method>
    <method>
      <name DesignerName="LoadMKL">_vvvvvv1</name>
      <comment> Return Map as Object
 Key is ID , Value is Object (Marker,MapPolygon,MapPolyline)
 &lt;code&gt;ObjectMap = OpenMap.LoadMKL(Path, FileName)&lt;/code&gt;
</comment>
      <returntype>anywheresoftware.b4a.objects.collections.Map</returntype>
      <parameter>
        <name>Path</name>
        <type>String</type>
      </parameter>
      <parameter>
        <name>FileName</name>
        <type>String</type>
      </parameter>
    </method>
    <method>
      <name DesignerName="MapLoaded">_vvvvvv2</name>
      <returntype>boolean</returntype>
    </method>
    <method>
      <name DesignerName="MessageToPanel">_vvvvvv3</name>
      <returntype>String</returntype>
      <parameter>
        <name>Text</name>
        <type>String</type>
      </parameter>
    </method>
    <method>
      <name DesignerName="MoveCamera">_vvvvvv4</name>
      <returntype>String</returntype>
      <parameter>
        <name>cp</name>
        <type>b4j.map.cameraposition</type>
      </parameter>
    </method>
    <method>
      <name DesignerName="MoveCamera2">_vvvvvv5</name>
      <returntype>String</returntype>
      <parameter>
        <name>ll</name>
        <type>b4j.map.latlng</type>
      </parameter>
    </method>
    <method>
      <name DesignerName="ObjectIsEditing">_vvvvvv6</name>
      <returntype>boolean</returntype>
      <parameter>
        <name>IDobject</name>
        <type>String</type>
      </parameter>
    </method>
    <method>
      <name DesignerName="PanelOff">_vvvvvv7</name>
      <returntype>String</returntype>
    </method>
    <method>
      <name DesignerName="PanelOn">_vvvvvv0</name>
      <returntype>String</returntype>
    </method>
    <method>
      <name DesignerName="RedrawAllObj">_vvvvvvv1</name>
      <returntype>String</returntype>
    </method>
    <method>
      <name DesignerName="RemoveCircle">_vvvvvvv2</name>
      <comment>Removes the specified circle from the map.
</comment>
      <returntype>String</returntype>
      <parameter>
        <name>vCircle</name>
        <type>b4j.map.mapcircle</type>
      </parameter>
    </method>
    <method>
      <name DesignerName="RemoveInfoWindow">_vvvvvvv3</name>
      <returntype>String</returntype>
      <parameter>
        <name>InfoWindow</name>
        <type>b4j.map.mapinfowindow</type>
      </parameter>
    </method>
    <method>
      <name DesignerName="RemoveMarker">_vvvvvvv4</name>
      <comment>Removes the specified marker from the map.
</comment>
      <returntype>String</returntype>
      <parameter>
        <name>vMarker</name>
        <type>b4j.map.marker</type>
      </parameter>
    </method>
    <method>
      <name DesignerName="RemovePolygon">_vvvvvvv5</name>
      <comment>Removes the specified polygon from the map.
</comment>
      <returntype>String</returntype>
      <parameter>
        <name>vPolygon</name>
        <type>b4j.map.mappolygon</type>
      </parameter>
    </method>
    <method>
      <name DesignerName="RemovePolyline">_vvvvvvv6</name>
      <comment>Removes the specified polyline from the map.
</comment>
      <returntype>String</returntype>
      <parameter>
        <name>vPolyline</name>
        <type>b4j.map.mappolyline</type>
      </parameter>
    </method>
    <method>
      <name DesignerName="SaveKML">_vvvvvvv7</name>
      <returntype>String</returntype>
      <parameter>
        <name>MapObj</name>
        <type>anywheresoftware.b4a.objects.collections.Map</type>
      </parameter>
      <parameter>
        <name>Path</name>
        <type>String</type>
      </parameter>
      <parameter>
        <name>FileName</name>
        <type>String</type>
      </parameter>
    </method>
    <method>
      <name DesignerName="setMapType" HideFromIDE="true">_setvvvvvvvvv0</name>
      <comment>get or set the zoom level.
</comment>
      <returntype>void</returntype>
      <parameter>
        <name>mt</name>
        <type>int</type>
      </parameter>
    </method>
    <method>
      <name DesignerName="setZoom" HideFromIDE="true">_setvvvvvvvvv7</name>
      <comment>Sets the zoom level.
</comment>
      <returntype>String</returntype>
      <parameter>
        <name>z</name>
        <type>int</type>
      </parameter>
    </method>
    <method>
      <name DesignerName="UpdateCircleCenter">_vvvvvvvv4</name>
      <comment> Update position Radius
</comment>
      <returntype>String</returntype>
      <parameter>
        <name>id</name>
        <type>String</type>
      </parameter>
      <parameter>
        <name>Lat</name>
        <type>double</type>
      </parameter>
      <parameter>
        <name>Lng</name>
        <type>double</type>
      </parameter>
    </method>
    <method>
      <name DesignerName="UpdateCircleRadius">_vvvvvvvv5</name>
      <comment> New Radius
</comment>
      <returntype>String</returntype>
      <parameter>
        <name>id</name>
        <type>String</type>
      </parameter>
      <parameter>
        <name>Radius</name>
        <type>double</type>
      </parameter>
    </method>
    <method>
      <name DesignerName="UpdateMarkerPosition">_vvvvvvvv6</name>
      <comment>update marker posizion
</comment>
      <returntype>String</returntype>
      <parameter>
        <name>id</name>
        <type>String</type>
      </parameter>
      <parameter>
        <name>Lat</name>
        <type>double</type>
      </parameter>
      <parameter>
        <name>Lng</name>
        <type>double</type>
      </parameter>
    </method>
    <method>
      <name DesignerName="UpdatePolygon">_vvvvvvvv7</name>
      <comment> NewPoint as List of LatLng
</comment>
      <returntype>String</returntype>
      <parameter>
        <name>Plg</name>
        <type>b4j.map.mappolygon</type>
      </parameter>
      <parameter>
        <name>NewPoints</name>
        <type>anywheresoftware.b4a.objects.collections.List</type>
      </parameter>
    </method>
    <method>
      <name DesignerName="UpdatePolyline">_vvvvvvvv0</name>
      <comment> NewPoint as List of LatLng
</comment>
      <returntype>String</returntype>
      <parameter>
        <name>Pll</name>
        <type>b4j.map.mappolyline</type>
      </parameter>
      <parameter>
        <name>NewPoints</name>
        <type>anywheresoftware.b4a.objects.collections.List</type>
      </parameter>
    </method>
    <method>
      <name DesignerName="visibleObject">_vvvvvvvvv2</name>
      <comment> es. OpenMap.visibleObject(Polygon.ID)
</comment>
      <returntype>String</returntype>
      <parameter>
        <name>ID</name>
        <type>String</type>
      </parameter>
      <parameter>
        <name>Visible</name>
        <type>boolean</type>
      </parameter>
    </method>
    <method>
      <name DesignerName="ww">_vvvvvvvvv3</name>
      <returntype>anywheresoftware.b4j.object.JavaObject</returntype>
    </method>
    <method>
      <name DesignerName="XYToLatLng">_vvvvvvvvv4</name>
      <returntype>b4j.map.latlng</returntype>
      <parameter>
        <name>x</name>
        <type>double</type>
      </parameter>
      <parameter>
        <name>y</name>
        <type>double</type>
      </parameter>
    </method>
    <property>
      <name DesignerName="MapBound">_vvvvvvvvv5</name>
      <comment> Return bound in map format:
 {"northEast":{"lat":45.123,"lon":12.456},"southWest":{"lat":40.987,"lon":10.321}}
 Dim Bound As Map = OMaps.MapBound
</comment>
      <returntype>anywheresoftware.b4a.objects.collections.Map</returntype>
    </property>
    <property>
      <name DesignerName="NumberOfElements">_vvvvvvvvv6</name>
      <comment> Number Of Elements added
</comment>
      <returntype>int</returntype>
    </property>
    <property>
      <name DesignerName="Zoom">_vvvvvvvvv7</name>
      <comment>Sets the zoom level.
</comment>
      <returntype>int</returntype>
      <parameter>
        <name>Value</name>
        <type>int</type>
      </parameter>
    </property>
    <property>
      <name DesignerName="MapType">_vvvvvvvvv0</name>
      <comment>get or set the zoom level.
</comment>
      <returntype>void</returntype>
      <parameter>
        <name>Value</name>
        <type>int</type>
      </parameter>
    </property>
    <field>
      <name DesignerName="mBase">_vvvvvvvvvv0</name>
      <returntype>anywheresoftware.b4a.objects.B4XViewWrapper</returntype>
    </field>
    <field>
      <name DesignerName="Tag">_vvvvvvvvvvv1</name>
      <returntype>Object</returntype>
    </field>
    <field>
      <name DesignerName="MAP_TYPE_HYBRID">_map_type_hybrid</name>
      <returntype>int</returntype>
    </field>
    <field>
      <name DesignerName="MAP_TYPE_NORMAL">_map_type_normal</name>
      <returntype>int</returntype>
    </field>
    <field>
      <name DesignerName="MAP_TYPE_SATELLITE">_map_type_satellite</name>
      <returntype>int</returntype>
    </field>
    <field>
      <name DesignerName="MAP_TYPE_TERRAIN">_map_type_terrain</name>
      <returntype>int</returntype>
    </field>
    <field>
      <name DesignerName="MAP_TYPE_ESI">_map_type_esi</name>
      <returntype>int</returntype>
    </field>
    <field>
      <name DesignerName="MAP_TYPE_CARTO">_map_type_carto</name>
      <returntype>int</returntype>
    </field>
  </class>
  <class>
    <name>b4j.map.openmapsext</name>
    <shortname>OpenMapsExt</shortname>
    <method>
      <name>IsInitialized</name>
      <comment>Verifica se l'oggetto sia stato inizializzato.</comment>
      <returntype>boolean</returntype>
    </method>
    <method>
      <name DesignerName="AddressToLatLon">_vvvvvvvvvvvvv4</name>
      <comment>&lt;code&gt;wait for (GMapExt.AddressToLatLon("Address number, City")) COMPLETE (ll as LatLng)&lt;/code&gt;
</comment>
      <returntype>anywheresoftware.b4a.keywords.Common.ResumableSubWrapper</returntype>
      <parameter>
        <name>address</name>
        <type>String</type>
      </parameter>
    </method>
    <method>
      <name DesignerName="Class_Globals">_class_globals</name>
      <returntype>String</returntype>
    </method>
    <method>
      <name DesignerName="GetBearing">_vvvvvvvvvvvvv5</name>
      <comment>Returns the bearing between two points, from point1 to point2- not exist
</comment>
      <returntype>double</returntype>
      <parameter>
        <name>Point1</name>
        <type>b4j.map.latlng</type>
      </parameter>
      <parameter>
        <name>Point2</name>
        <type>b4j.map.latlng</type>
      </parameter>
    </method>
    <method>
      <name DesignerName="GetCircleIsDraggable">_vvvvvvvvvvvvv6</name>
      <returntype>boolean</returntype>
      <parameter>
        <name>Cricle</name>
        <type>b4j.map.mapcircle</type>
      </parameter>
    </method>
    <method>
      <name DesignerName="GetDistance">_vvvv6</name>
      <comment>Returns the distance between two points in meters
</comment>
      <returntype>double</returntype>
      <parameter>
        <name>Point1</name>
        <type>b4j.map.latlng</type>
      </parameter>
      <parameter>
        <name>Point2</name>
        <type>b4j.map.latlng</type>
      </parameter>
    </method>
    <method>
      <name DesignerName="GetMarkerIsDraggable">_vvvvvvvvvvvvv7</name>
      <returntype>boolean</returntype>
      <parameter>
        <name>Mk</name>
        <type>b4j.map.marker</type>
      </parameter>
    </method>
    <method>
      <name DesignerName="GetMarkerLabel">_vvvvvvvvvvvvv0</name>
      <comment> not available
</comment>
      <returntype>String</returntype>
      <parameter>
        <name>m</name>
        <type>b4j.map.marker</type>
      </parameter>
    </method>
    <method>
      <name DesignerName="GetMarkerPosition">_vvvvvvvvvvvvvv1</name>
      <comment>Returns the marker position as LatLng Object
</comment>
      <returntype>b4j.map.latlng</returntype>
      <parameter>
        <name>m</name>
        <type>b4j.map.marker</type>
      </parameter>
    </method>
    <method>
      <name DesignerName="GetMarkerTitle">_vvvvvvvvvvvvvv2</name>
      <comment>Returns the title of a marker as string
</comment>
      <returntype>String</returntype>
      <parameter>
        <name>m</name>
        <type>b4j.map.marker</type>
      </parameter>
    </method>
    <method>
      <name DesignerName="GetPolygonIsDraggable">_vvvvvvvvvvvvvv3</name>
      <returntype>boolean</returntype>
      <parameter>
        <name>Polygon</name>
        <type>b4j.map.mappolygon</type>
      </parameter>
    </method>
    <method>
      <name DesignerName="GetPolylineIsDraggable">_vvvvvvvvvvvvvv4</name>
      <returntype>boolean</returntype>
      <parameter>
        <name>Polyline</name>
        <type>b4j.map.mappolyline</type>
      </parameter>
    </method>
    <method>
      <name DesignerName="Initialize">_initialize</name>
      <comment>Initializes the object. You can add parameters to this method if needed.
</comment>
      <returntype>String</returntype>
      <parameter>
        <name>ba</name>
        <type>anywheresoftware.b4a.BA</type>
      </parameter>
      <parameter>
        <name>OpenMap</name>
        <type>b4j.map.openmaps</type>
      </parameter>
    </method>
    <method>
      <name DesignerName="InsidePath">_vvvvvvvvvvvvvv5</name>
      <returntype>boolean</returntype>
      <parameter>
        <name>point</name>
        <type>b4j.map.latlng</type>
      </parameter>
      <parameter>
        <name>LatLngList</name>
        <type>anywheresoftware.b4a.objects.collections.List</type>
      </parameter>
    </method>
    <method>
      <name DesignerName="LatLonToAddress">_vvvvvvvvvvvvvv6</name>
      <returntype>anywheresoftware.b4a.keywords.Common.ResumableSubWrapper</returntype>
      <parameter>
        <name>lat</name>
        <type>double</type>
      </parameter>
      <parameter>
        <name>lon</name>
        <type>double</type>
      </parameter>
    </method>
    <method>
      <name DesignerName="LatLonToXY">_vvvvv7</name>
      <comment>Returns the screen coordiantes for the given LatLng coordinates
</comment>
      <returntype>double[]</returntype>
      <parameter>
        <name>ll</name>
        <type>b4j.map.latlng</type>
      </parameter>
    </method>
    <method>
      <name DesignerName="LatLonToXY2">_vvvvvvvvvvvvvv7</name>
      <returntype>double[]</returntype>
      <parameter>
        <name>ll</name>
        <type>b4j.map.latlng</type>
      </parameter>
    </method>
    <method>
      <name DesignerName="ObjectIsEditing">_vvvvvv6</name>
      <returntype>boolean</returntype>
      <parameter>
        <name>IDobject</name>
        <type>String</type>
      </parameter>
    </method>
    <method>
      <name DesignerName="RemoveMarkerLabel">_vvvvvvvvvvvvvv0</name>
      <comment> not available
Removes the Marker Label for the given Marker
</comment>
      <returntype>String</returntype>
      <parameter>
        <name>m</name>
        <type>b4j.map.marker</type>
      </parameter>
    </method>
    <method>
      <name DesignerName="SetCircleDraggable">_vvvvvvvvvvvvvvv2</name>
      <comment>Sets the circle draggable property
</comment>
      <returntype>String</returntype>
      <parameter>
        <name>C</name>
        <type>b4j.map.mapcircle</type>
      </parameter>
      <parameter>
        <name>Draggable</name>
        <type>boolean</type>
      </parameter>
    </method>
    <method>
      <name DesignerName="SetGeodesic">_vvvvvvvvvvvvvvv3</name>
      <comment>Sets a polygon or polyline to geodesic points - not exist
</comment>
      <returntype>String</returntype>
      <parameter>
        <name>shape</name>
        <type>anywheresoftware.b4j.object.JavaObject</type>
      </parameter>
    </method>
    <method>
      <name DesignerName="SetMarkerClickable">_vvvvvvvvvvvvvvv4</name>
      <comment> Always clickable - not necessary
Sets the marker clickable property
</comment>
      <returntype>String</returntype>
      <parameter>
        <name>m</name>
        <type>b4j.map.marker</type>
      </parameter>
      <parameter>
        <name>Clickable</name>
        <type>boolean</type>
      </parameter>
    </method>
    <method>
      <name DesignerName="SetMarkerDraggable">_vvvvvvvvvvvvvvv5</name>
      <comment>Sets the marker draggable property
</comment>
      <returntype>String</returntype>
      <parameter>
        <name>m</name>
        <type>b4j.map.marker</type>
      </parameter>
      <parameter>
        <name>Draggable</name>
        <type>boolean</type>
      </parameter>
    </method>
    <method>
      <name DesignerName="SetMarkerIcon">_vvvvvvvvvvvvvvv6</name>
      <comment> not available
</comment>
      <returntype>String</returntype>
      <parameter>
        <name>m</name>
        <type>b4j.map.marker</type>
      </parameter>
      <parameter>
        <name>URL</name>
        <type>String</type>
      </parameter>
    </method>
    <method>
      <name DesignerName="SetMarkerLabel">_vvvvvvvvvvvvvvv7</name>
      <comment> not available
Sets a MarkerLabel with the given values.
Posible color values.
</comment>
      <returntype>String</returntype>
      <parameter>
        <name>m</name>
        <type>b4j.map.marker</type>
      </parameter>
      <parameter>
        <name>Text</name>
        <type>String</type>
      </parameter>
      <parameter>
        <name>Color</name>
        <type>String</type>
      </parameter>
      <parameter>
        <name>TextSize</name>
        <type>double</type>
      </parameter>
    </method>
    <method>
      <name DesignerName="SetMarkerLabel2">_vvvvvvvvvvvvvvv0</name>
      <comment> not available
</comment>
      <returntype>String</returntype>
      <parameter>
        <name>m</name>
        <type>b4j.map.marker</type>
      </parameter>
      <parameter>
        <name>Text</name>
        <type>String</type>
      </parameter>
      <parameter>
        <name>Color</name>
        <type>String</type>
      </parameter>
      <parameter>
        <name>BackgroundColor</name>
        <type>String</type>
      </parameter>
      <parameter>
        <name>TextSize</name>
        <type>double</type>
      </parameter>
    </method>
    <method>
      <name DesignerName="SetMarkerOrigin">_vvvvvvvvvvvvvvvv1</name>
      <comment> not available
Sets the marker origin 'doesn't work!!!
</comment>
      <returntype>String</returntype>
      <parameter>
        <name>m</name>
        <type>b4j.map.marker</type>
      </parameter>
      <parameter>
        <name>X</name>
        <type>double</type>
      </parameter>
      <parameter>
        <name>y</name>
        <type>double</type>
      </parameter>
    </method>
    <method>
      <name DesignerName="SetPolygonClickable">_vvvvvvvvvvvvvvvv2</name>
      <comment> Always clickable - not necessary
Sets the polygon clickable property 'doesn't work!!!
</comment>
      <returntype>String</returntype>
      <parameter>
        <name>pg</name>
        <type>b4j.map.mappolygon</type>
      </parameter>
      <parameter>
        <name>Clickable</name>
        <type>boolean</type>
      </parameter>
    </method>
    <method>
      <name DesignerName="SetPolygonDraggable">_vvvvvvvvvvvvvvvv3</name>
      <comment>Sets the polygon draggable property
</comment>
      <returntype>String</returntype>
      <parameter>
        <name>Polygon</name>
        <type>b4j.map.mappolygon</type>
      </parameter>
      <parameter>
        <name>Draggable</name>
        <type>boolean</type>
      </parameter>
    </method>
    <method>
      <name DesignerName="SetPolylineDraggable">_vvvvvvvvvvvvvvvv4</name>
      <comment>Sets the polyline draggable property
</comment>
      <returntype>String</returntype>
      <parameter>
        <name>Polyline</name>
        <type>b4j.map.mappolyline</type>
      </parameter>
      <parameter>
        <name>Draggable</name>
        <type>boolean</type>
      </parameter>
    </method>
    <method>
      <name DesignerName="XYToLatLng">_vvvvvvvvv4</name>
      <comment>Returns the Lat/Lng coordinates for the given screen coordinates  'doesn't work!!!
</comment>
      <returntype>b4j.map.latlng</returntype>
      <parameter>
        <name>x</name>
        <type>double</type>
      </parameter>
      <parameter>
        <name>y</name>
        <type>double</type>
      </parameter>
    </method>
  </class>
  <class>
    <name>b4j.map.latlng</name>
    <shortname>LatLng</shortname>
    <method>
      <name>IsInitialized</name>
      <comment>Verifica se l'oggetto sia stato inizializzato.</comment>
      <returntype>boolean</returntype>
    </method>
    <method>
      <name DesignerName="Class_Globals">_class_globals</name>
      <returntype>String</returntype>
    </method>
    <method>
      <name DesignerName="Initialize">_initialize</name>
      <comment>Initializes the object. You can add parameters to this method if needed.
</comment>
      <returntype>String</returntype>
      <parameter>
        <name>ba</name>
        <type>anywheresoftware.b4a.BA</type>
      </parameter>
      <parameter>
        <name>Lat</name>
        <type>double</type>
      </parameter>
      <parameter>
        <name>Lng</name>
        <type>double</type>
      </parameter>
    </method>
    <field>
      <name DesignerName="Latitude">_vvvvvvvvvvvvvvvv6</name>
      <returntype>double</returntype>
    </field>
    <field>
      <name DesignerName="Longitude">_vvvvvvvvvvvvvvvv7</name>
      <returntype>double</returntype>
    </field>
  </class>
  <class>
    <name>b4j.map.cameraposition</name>
    <shortname>CameraPosition</shortname>
    <method>
      <name>IsInitialized</name>
      <comment>Verifica se l'oggetto sia stato inizializzato.</comment>
      <returntype>boolean</returntype>
    </method>
    <method>
      <name DesignerName="Class_Globals">_class_globals</name>
      <returntype>String</returntype>
    </method>
    <method>
      <name DesignerName="getLat" HideFromIDE="true">_getvvvvvvvvvvvvvvvvv4</name>
      <returntype>double</returntype>
    </method>
    <method>
      <name DesignerName="getLng" HideFromIDE="true">_getvvvvvvvvvvvvvvvvv5</name>
      <returntype>double</returntype>
    </method>
    <method>
      <name DesignerName="getZoom" HideFromIDE="true">_getvvvvvvvvv7</name>
      <returntype>float</returntype>
    </method>
    <method>
      <name DesignerName="Initialize">_initialize</name>
      <comment>Initializes the object. You can add parameters to this method if needed.
</comment>
      <returntype>String</returntype>
      <parameter>
        <name>ba</name>
        <type>anywheresoftware.b4a.BA</type>
      </parameter>
      <parameter>
        <name>Lat</name>
        <type>double</type>
      </parameter>
      <parameter>
        <name>Lng</name>
        <type>double</type>
      </parameter>
      <parameter>
        <name>Zoom</name>
        <type>float</type>
      </parameter>
    </method>
    <method>
      <name DesignerName="Target">_vvvvvvvvvvvvvvvvv2</name>
      <returntype>String</returntype>
    </method>
    <method>
      <name DesignerName="ToString">_vvvvvvvvvvvvvvvvv3</name>
      <returntype>String</returntype>
    </method>
    <property>
      <name DesignerName="Lat">_vvvvvvvvvvvvvvvvv4</name>
      <returntype>double</returntype>
    </property>
    <property>
      <name DesignerName="Lng">_vvvvvvvvvvvvvvvvv5</name>
      <returntype>double</returntype>
    </property>
    <property>
      <name DesignerName="Zoom">_vvvvvvvvv7</name>
      <returntype>float</returntype>
    </property>
  </class>
  <class>
    <name>b4j.map.mapcircle</name>
    <shortname>MapCircle</shortname>
    <method>
      <name>IsInitialized</name>
      <comment>Verifica se l'oggetto sia stato inizializzato.</comment>
      <returntype>boolean</returntype>
    </method>
    <method>
      <name DesignerName="Class_Globals">_class_globals</name>
      <returntype>String</returntype>
    </method>
    <method>
      <name DesignerName="getCenter" HideFromIDE="true">_getvvvvvvvvvvvvvvvvvv6</name>
      <returntype>b4j.map.latlng</returntype>
    </method>
    <method>
      <name DesignerName="getID" HideFromIDE="true">_getvvvvvvvvvvvvvvvvvv7</name>
      <returntype>String</returntype>
    </method>
    <method>
      <name DesignerName="getRadius" HideFromIDE="true">_getvvvvvvvvvvvvvvvvvv0</name>
      <returntype>double</returntype>
    </method>
    <method>
      <name DesignerName="getVisible" HideFromIDE="true">_getvvvvvvvvvvvvvvvvvvv1</name>
      <returntype>boolean</returntype>
    </method>
    <method>
      <name DesignerName="Initialize">_initialize</name>
      <comment>Initializes the object. You can add parameters to this method if needed.
</comment>
      <returntype>String</returntype>
      <parameter>
        <name>ba</name>
        <type>anywheresoftware.b4a.BA</type>
      </parameter>
      <parameter>
        <name>vCenter</name>
        <type>b4j.map.latlng</type>
      </parameter>
      <parameter>
        <name>vRadius</name>
        <type>double</type>
      </parameter>
      <parameter>
        <name>Visble</name>
        <type>boolean</type>
      </parameter>
      <parameter>
        <name>id</name>
        <type>String</type>
      </parameter>
      <parameter>
        <name>WebView</name>
        <type>anywheresoftware.b4j.object.JavaObject</type>
      </parameter>
    </method>
    <method>
      <name DesignerName="setVisible" HideFromIDE="true">_setvvvvvvvvvvvvvvvvvvv1</name>
      <returntype>String</returntype>
      <parameter>
        <name>B</name>
        <type>boolean</type>
      </parameter>
    </method>
    <property>
      <name DesignerName="Center">_vvvvvvvvvvvvvvvvvv6</name>
      <returntype>b4j.map.latlng</returntype>
    </property>
    <property>
      <name DesignerName="ID">_vvvvvvvvvvvvvvvvvv7</name>
      <returntype>String</returntype>
    </property>
    <property>
      <name DesignerName="Radius">_vvvvvvvvvvvvvvvvvv0</name>
      <returntype>double</returntype>
    </property>
    <property>
      <name DesignerName="Visible">_vvvvvvvvvvvvvvvvvvv1</name>
      <returntype>boolean</returntype>
      <parameter>
        <name>Value</name>
        <type>boolean</type>
      </parameter>
    </property>
  </class>
  <class>
    <name>b4j.map.mapinfowindow</name>
    <shortname>MapInfoWindow</shortname>
    <method>
      <name>IsInitialized</name>
      <comment>Verifica se l'oggetto sia stato inizializzato.</comment>
      <returntype>boolean</returntype>
    </method>
    <method>
      <name DesignerName="Class_Globals">_class_globals</name>
      <returntype>String</returntype>
    </method>
    <method>
      <name DesignerName="getContent" HideFromIDE="true">_getvvvvvvvvvvvvvvvvvvvv1</name>
      <returntype>String</returntype>
    </method>
    <method>
      <name DesignerName="getID" HideFromIDE="true">_getvvvvvvvvvvvvvvvvvv7</name>
      <returntype>String</returntype>
    </method>
    <method>
      <name DesignerName="getPosition" HideFromIDE="true">_getvvvvvvvvvvvvvvvvvvvv2</name>
      <returntype>b4j.map.latlng</returntype>
    </method>
    <method>
      <name DesignerName="Initialize">_initialize</name>
      <comment>Initializes the object. You can add parameters to this method if needed.
</comment>
      <returntype>String</returntype>
      <parameter>
        <name>ba</name>
        <type>anywheresoftware.b4a.BA</type>
      </parameter>
      <parameter>
        <name>vContent</name>
        <type>String</type>
      </parameter>
      <parameter>
        <name>vPosition</name>
        <type>b4j.map.latlng</type>
      </parameter>
      <parameter>
        <name>ID</name>
        <type>String</type>
      </parameter>
    </method>
    <property>
      <name DesignerName="Content">_vvvvvvvvvvvvvvvvvvvv1</name>
      <returntype>String</returntype>
    </property>
    <property>
      <name DesignerName="ID">_vvvvvvvvvvvvvvvvvv7</name>
      <returntype>String</returntype>
    </property>
    <property>
      <name DesignerName="Position">_vvvvvvvvvvvvvvvvvvvv2</name>
      <returntype>b4j.map.latlng</returntype>
    </property>
  </class>
  <class>
    <name>b4j.map.maplabel</name>
    <shortname>MapLabel</shortname>
    <method>
      <name>IsInitialized</name>
      <comment>Verifica se l'oggetto sia stato inizializzato.</comment>
      <returntype>boolean</returntype>
    </method>
    <method>
      <name DesignerName="Class_Globals">_class_globals</name>
      <returntype>String</returntype>
    </method>
    <method>
      <name DesignerName="getID" HideFromIDE="true">_getvvvvvvvvvvvvvvvvvv7</name>
      <returntype>String</returntype>
    </method>
    <method>
      <name DesignerName="getPermanent" HideFromIDE="true">_getvvvvvvvvvvvvvvvvvvvv0</name>
      <returntype>boolean</returntype>
    </method>
    <method>
      <name DesignerName="getPosition" HideFromIDE="true">_getvvvvvvvvvvvvvvvvvvvv2</name>
      <returntype>b4j.map.latlng</returntype>
    </method>
    <method>
      <name DesignerName="getText" HideFromIDE="true">_getvvvvvvvvvvvvvvvvvvvvv1</name>
      <returntype>String</returntype>
    </method>
    <method>
      <name DesignerName="Initialize">_initialize</name>
      <comment>Initializes the object. You can add parameters to this method if needed.
</comment>
      <returntype>String</returntype>
      <parameter>
        <name>ba</name>
        <type>anywheresoftware.b4a.BA</type>
      </parameter>
      <parameter>
        <name>vPosition</name>
        <type>b4j.map.latlng</type>
      </parameter>
      <parameter>
        <name>vText</name>
        <type>String</type>
      </parameter>
      <parameter>
        <name>vPermanent</name>
        <type>boolean</type>
      </parameter>
      <parameter>
        <name>vID</name>
        <type>String</type>
      </parameter>
      <parameter>
        <name>WebView</name>
        <type>anywheresoftware.b4j.object.JavaObject</type>
      </parameter>
    </method>
    <method>
      <name DesignerName="setText" HideFromIDE="true">_setvvvvvvvvvvvvvvvvvvvvv1</name>
      <returntype>String</returntype>
      <parameter>
        <name>T</name>
        <type>String</type>
      </parameter>
    </method>
    <property>
      <name DesignerName="ID">_vvvvvvvvvvvvvvvvvv7</name>
      <returntype>String</returntype>
    </property>
    <property>
      <name DesignerName="Permanent">_vvvvvvvvvvvvvvvvvvvv0</name>
      <returntype>boolean</returntype>
    </property>
    <property>
      <name DesignerName="Position">_vvvvvvvvvvvvvvvvvvvv2</name>
      <returntype>b4j.map.latlng</returntype>
    </property>
    <property>
      <name DesignerName="Text">_vvvvvvvvvvvvvvvvvvvvv1</name>
      <returntype>String</returntype>
      <parameter>
        <name>Value</name>
        <type>String</type>
      </parameter>
    </property>
  </class>
  <class>
    <name>b4j.map.mappolygon</name>
    <shortname>MapPolygon</shortname>
    <method>
      <name>IsInitialized</name>
      <comment>Verifica se l'oggetto sia stato inizializzato.</comment>
      <returntype>boolean</returntype>
    </method>
    <method>
      <name DesignerName="Class_Globals">_class_globals</name>
      <returntype>String</returntype>
    </method>
    <method>
      <name DesignerName="getFillColor" HideFromIDE="true">_getvvvvvvvvvvvvvvvvvvvvvv1</name>
      <returntype>anywheresoftware.b4j.objects.JFX.PaintWrapper</returntype>
    </method>
    <method>
      <name DesignerName="getID" HideFromIDE="true">_getvvvvvvvvvvvvvvvvvv7</name>
      <returntype>String</returntype>
    </method>
    <method>
      <name DesignerName="getLineColor" HideFromIDE="true">_getvvvvvvvvvvvvvvvvvvvvvv2</name>
      <returntype>anywheresoftware.b4j.objects.JFX.PaintWrapper</returntype>
    </method>
    <method>
      <name DesignerName="getLineWidth" HideFromIDE="true">_getvvvvvvvvvvvvvvvvvvvvvv3</name>
      <returntype>int</returntype>
    </method>
    <method>
      <name DesignerName="getOpacity" HideFromIDE="true">_getvvvvvvvvvvvvvvvvvvvvvv4</name>
      <returntype>float</returntype>
    </method>
    <method>
      <name DesignerName="getPoints" HideFromIDE="true">_getvvvvvvvvvvvvvvvvvvvvvv5</name>
      <comment> List of LatLng
</comment>
      <returntype>anywheresoftware.b4a.objects.collections.List</returntype>
    </method>
    <method>
      <name DesignerName="getVisible" HideFromIDE="true">_getvvvvvvvvvvvvvvvvvvv1</name>
      <returntype>boolean</returntype>
    </method>
    <method>
      <name DesignerName="Initialize">_initialize</name>
      <comment>Initializes the object. You can add parameters to this method if needed.
</comment>
      <returntype>String</returntype>
      <parameter>
        <name>ba</name>
        <type>anywheresoftware.b4a.BA</type>
      </parameter>
      <parameter>
        <name>Visble</name>
        <type>boolean</type>
      </parameter>
      <parameter>
        <name>ID</name>
        <type>String</type>
      </parameter>
      <parameter>
        <name>Point</name>
        <type>anywheresoftware.b4a.objects.collections.List</type>
      </parameter>
      <parameter>
        <name>StrokeWidth</name>
        <type>int</type>
      </parameter>
      <parameter>
        <name>StrokeColor</name>
        <type>anywheresoftware.b4j.objects.JFX.PaintWrapper</type>
      </parameter>
      <parameter>
        <name>FillColor</name>
        <type>anywheresoftware.b4j.objects.JFX.PaintWrapper</type>
      </parameter>
      <parameter>
        <name>Opacity</name>
        <type>double</type>
      </parameter>
      <parameter>
        <name>WebView</name>
        <type>anywheresoftware.b4j.object.JavaObject</type>
      </parameter>
    </method>
    <method>
      <name DesignerName="setVisible" HideFromIDE="true">_setvvvvvvvvvvvvvvvvvvv1</name>
      <returntype>String</returntype>
      <parameter>
        <name>B</name>
        <type>boolean</type>
      </parameter>
    </method>
    <property>
      <name DesignerName="FillColor">_vvvvvvvvvvvvvvvvvvvvvv1</name>
      <returntype>anywheresoftware.b4j.objects.JFX.PaintWrapper</returntype>
    </property>
    <property>
      <name DesignerName="ID">_vvvvvvvvvvvvvvvvvv7</name>
      <returntype>String</returntype>
    </property>
    <property>
      <name DesignerName="LineColor">_vvvvvvvvvvvvvvvvvvvvvv2</name>
      <returntype>anywheresoftware.b4j.objects.JFX.PaintWrapper</returntype>
    </property>
    <property>
      <name DesignerName="LineWidth">_vvvvvvvvvvvvvvvvvvvvvv3</name>
      <returntype>int</returntype>
    </property>
    <property>
      <name DesignerName="Opacity">_vvvvvvvvvvvvvvvvvvvvvv4</name>
      <returntype>float</returntype>
    </property>
    <property>
      <name DesignerName="Points">_vvvvvvvvvvvvvvvvvvvvvv5</name>
      <comment> List of LatLng
</comment>
      <returntype>anywheresoftware.b4a.objects.collections.List</returntype>
    </property>
    <property>
      <name DesignerName="Visible">_vvvvvvvvvvvvvvvvvvv1</name>
      <returntype>boolean</returntype>
      <parameter>
        <name>Value</name>
        <type>boolean</type>
      </parameter>
    </property>
  </class>
  <class>
    <name>b4j.map.mappolyline</name>
    <shortname>MapPolyline</shortname>
    <method>
      <name>IsInitialized</name>
      <comment>Verifica se l'oggetto sia stato inizializzato.</comment>
      <returntype>boolean</returntype>
    </method>
    <method>
      <name DesignerName="Class_Globals">_class_globals</name>
      <returntype>String</returntype>
    </method>
    <method>
      <name DesignerName="getID" HideFromIDE="true">_getvvvvvvvvvvvvvvvvvv7</name>
      <returntype>String</returntype>
    </method>
    <method>
      <name DesignerName="getLineColor" HideFromIDE="true">_getvvvvvvvvvvvvvvvvvvvvvv2</name>
      <returntype>anywheresoftware.b4j.objects.JFX.PaintWrapper</returntype>
    </method>
    <method>
      <name DesignerName="getLineWidth" HideFromIDE="true">_getvvvvvvvvvvvvvvvvvvvvvv3</name>
      <returntype>int</returntype>
    </method>
    <method>
      <name DesignerName="getPoints" HideFromIDE="true">_getvvvvvvvvvvvvvvvvvvvvvv5</name>
      <comment> List of LatLng
</comment>
      <returntype>anywheresoftware.b4a.objects.collections.List</returntype>
    </method>
    <method>
      <name DesignerName="getVisible" HideFromIDE="true">_getvvvvvvvvvvvvvvvvvvv1</name>
      <returntype>boolean</returntype>
    </method>
    <method>
      <name DesignerName="Initialize">_initialize</name>
      <comment>Initializes the object. You can add parameters to this method if needed.
</comment>
      <returntype>String</returntype>
      <parameter>
        <name>ba</name>
        <type>anywheresoftware.b4a.BA</type>
      </parameter>
      <parameter>
        <name>Visble</name>
        <type>boolean</type>
      </parameter>
      <parameter>
        <name>ID</name>
        <type>String</type>
      </parameter>
      <parameter>
        <name>Point</name>
        <type>anywheresoftware.b4a.objects.collections.List</type>
      </parameter>
      <parameter>
        <name>StrokeWidth</name>
        <type>int</type>
      </parameter>
      <parameter>
        <name>StrokeColor</name>
        <type>anywheresoftware.b4j.objects.JFX.PaintWrapper</type>
      </parameter>
      <parameter>
        <name>WebView</name>
        <type>anywheresoftware.b4j.object.JavaObject</type>
      </parameter>
    </method>
    <method>
      <name DesignerName="setVisible" HideFromIDE="true">_setvvvvvvvvvvvvvvvvvvv1</name>
      <returntype>String</returntype>
      <parameter>
        <name>B</name>
        <type>boolean</type>
      </parameter>
    </method>
    <property>
      <name DesignerName="ID">_vvvvvvvvvvvvvvvvvv7</name>
      <returntype>String</returntype>
    </property>
    <property>
      <name DesignerName="LineColor">_vvvvvvvvvvvvvvvvvvvvvv2</name>
      <returntype>anywheresoftware.b4j.objects.JFX.PaintWrapper</returntype>
    </property>
    <property>
      <name DesignerName="LineWidth">_vvvvvvvvvvvvvvvvvvvvvv3</name>
      <returntype>int</returntype>
    </property>
    <property>
      <name DesignerName="Points">_vvvvvvvvvvvvvvvvvvvvvv5</name>
      <comment> List of LatLng
</comment>
      <returntype>anywheresoftware.b4a.objects.collections.List</returntype>
    </property>
    <property>
      <name DesignerName="Visible">_vvvvvvvvvvvvvvvvvvv1</name>
      <returntype>boolean</returntype>
      <parameter>
        <name>Value</name>
        <type>boolean</type>
      </parameter>
    </property>
  </class>
  <class>
    <name>b4j.map.marker</name>
    <shortname>Marker</shortname>
    <method>
      <name>IsInitialized</name>
      <comment>Verifica se l'oggetto sia stato inizializzato.</comment>
      <returntype>boolean</returntype>
    </method>
    <method>
      <name DesignerName="Class_Globals">_class_globals</name>
      <returntype>String</returntype>
    </method>
    <method>
      <name DesignerName="CreateLabel">_vvvvvvvvvvvvvvvvvvvvvvv3</name>
      <comment> Create Label on Marker
</comment>
      <returntype>String</returntype>
      <parameter>
        <name>Text</name>
        <type>String</type>
      </parameter>
    </method>
    <method>
      <name DesignerName="getIconUri" HideFromIDE="true">_getvvvvvvvvvvvvvvvvvvvvvvvv1</name>
      <returntype>String</returntype>
    </method>
    <method>
      <name DesignerName="getIconUrl" HideFromIDE="true">_getvvvvvvvvvvvvvvvvvvvvvvvv2</name>
      <returntype>String</returntype>
    </method>
    <method>
      <name DesignerName="getID" HideFromIDE="true">_getvvvvvvvvvvvvvvvvvv7</name>
      <returntype>String</returntype>
    </method>
    <method>
      <name DesignerName="getPosition" HideFromIDE="true">_getvvvvvvvvvvvvvvvvvvvv2</name>
      <returntype>b4j.map.latlng</returntype>
    </method>
    <method>
      <name DesignerName="getTitle" HideFromIDE="true">_getvvvvvvvvvvvvvvvvvvvvvvvv3</name>
      <returntype>String</returntype>
    </method>
    <method>
      <name DesignerName="getVisible" HideFromIDE="true">_getvvvvvvvvvvvvvvvvvvv1</name>
      <returntype>boolean</returntype>
    </method>
    <method>
      <name DesignerName="Initialize">_initialize</name>
      <comment>Initializes the object. You can add parameters to this method if needed.
</comment>
      <returntype>String</returntype>
      <parameter>
        <name>ba</name>
        <type>anywheresoftware.b4a.BA</type>
      </parameter>
      <parameter>
        <name>vPosition</name>
        <type>b4j.map.latlng</type>
      </parameter>
      <parameter>
        <name>vTitle</name>
        <type>String</type>
      </parameter>
      <parameter>
        <name>vIconUri</name>
        <type>String</type>
      </parameter>
      <parameter>
        <name>vVisible</name>
        <type>boolean</type>
      </parameter>
      <parameter>
        <name>vID</name>
        <type>String</type>
      </parameter>
      <parameter>
        <name>WebView</name>
        <type>anywheresoftware.b4j.object.JavaObject</type>
      </parameter>
    </method>
    <method>
      <name DesignerName="setDraggable" HideFromIDE="true">_setvvvvvvvvvvvvvvvvvvvvvvvv4</name>
      <returntype>String</returntype>
      <parameter>
        <name>b</name>
        <type>boolean</type>
      </parameter>
    </method>
    <method>
      <name DesignerName="setVisible" HideFromIDE="true">_setvvvvvvvvvvvvvvvvvvv1</name>
      <returntype>String</returntype>
      <parameter>
        <name>B</name>
        <type>boolean</type>
      </parameter>
    </method>
    <method>
      <name DesignerName="UpdateLabel">_vvvvvvvvvvvvvvvvvvvvvvv0</name>
      <comment> Set Text empty for remove
</comment>
      <returntype>String</returntype>
      <parameter>
        <name>Text</name>
        <type>String</type>
      </parameter>
    </method>
    <property>
      <name DesignerName="IconUri">_vvvvvvvvvvvvvvvvvvvvvvvv1</name>
      <returntype>String</returntype>
    </property>
    <property>
      <name DesignerName="IconUrl">_vvvvvvvvvvvvvvvvvvvvvvvv2</name>
      <returntype>String</returntype>
    </property>
    <property>
      <name DesignerName="ID">_vvvvvvvvvvvvvvvvvv7</name>
      <returntype>String</returntype>
    </property>
    <property>
      <name DesignerName="Position">_vvvvvvvvvvvvvvvvvvvv2</name>
      <returntype>b4j.map.latlng</returntype>
    </property>
    <property>
      <name DesignerName="Title">_vvvvvvvvvvvvvvvvvvvvvvvv3</name>
      <returntype>String</returntype>
    </property>
    <property>
      <name DesignerName="Visible">_vvvvvvvvvvvvvvvvvvv1</name>
      <returntype>boolean</returntype>
      <parameter>
        <name>Value</name>
        <type>boolean</type>
      </parameter>
    </property>
    <property>
      <name DesignerName="Draggable">_vvvvvvvvvvvvvvvvvvvvvvvv4</name>
      <returntype>void</returntype>
      <parameter>
        <name>Value</name>
        <type>boolean</type>
      </parameter>
    </property>
  </class>
  <version>1.1</version>
  <author>Star-Dust</author>
</root>